question,answer
诸葛亮的性格特点是什么?,"诸葛亮治国治军的才能，济世爱民、谦虚谨慎，他是智慧的化身、忠贞的代表，并将其神化成了半人半神的超人形象
"
刘备的性格特点是什么？,"一是亲贤爱士，善待人才；二是生性善良，受民如子；三是待人宽厚，不求全责备。
"
关羽的性格特点是什么？,"义薄云天、武功盖世、蔑视权贵，目中无人、又是不忍欺凌弱小的真英雄。集忠于君，善与友，正义，武力，智慧，勇气，毅力，大志于一身。
"
曹操的性格特点是什么？,"陈寿认为曹操在三国历史上“明略最优”，“揽申、商之法术，该韩、白之奇策，官方授材，各因其器，矫情任算，不念旧恶”。曹操御军三十余年，但手不释卷，登高必赋，长于诗文、草书、围棋。生活节俭，不好华服。与人议论，谈笑风生。“勋劳宜赏，不吝千金；无功望施，分毫不与”。他是中国历史上第一流的政治家、军事家、文学家。但是，在《三国演义》中，曹操性格品德中这些好的方面被忽略了，而对他残忍、奸诈的一面又夸大了。因此，罗贯中笔下的曹操是奸诈、残忍、任性、多疑的反面人物典型。
"
周瑜的性格特点是什么？,"在《三国演义》中，周瑜成了诸葛亮的垫底人物。写周瑜，是为了抬高诸葛亮。因此，《三国演义》中的周瑜气量狭小，智谋也总是逊诸葛亮一筹，根本不像苏轼所歌颂的周瑜“雄姿英发”，是“千古风流人物”。 
"
赵云的性格特点是什么？,"骁勇善战，忠义侍主，处事谨慎
"
司马懿的性格特点是什么？,用兵谨慎，长于谋略，阴险奸诈孙权：智勇兼备，知人善任
诸葛亮主要的故事情节有哪些？,"火烧博望  火烧新野   赤壁大战   三气周瑜   夺取益州   八阵图困陆逊 七擒孟获  七擒七纵   六出祁     智取三郡   骂死王朗   雪夜破羌兵 
"
刘备主要的故事情节有哪些？,"讨伐黄巾，救董卓被辱，官封平原县；桃园结义；三顾茅庐得诸葛；讨伐黄巾；联马腾等密议除操，事败前，借兵讨贼，得豫州，由称刘豫州；觐见汉帝；得皇叔之名，于是有曹操煮酒论英雄；汉灭曹兴，刘备称帝；陆逊火烧连营七百里，刘备身死白帝城
"
关羽主要的故事情节有哪些？,"温酒斩华雄   挂印封金   千里走单骑   过五关斩六将    华容道释曹，水淹七军     单刀赴会   刮骨疗伤     败走麦城        温酒斩华雄
"
曹操主要的故事情节有哪些？,"误杀吕伯奢一家；投奔十八路诸侯；挟天子入许昌，自此挟天子以令诸侯；官渡之战大胜袁绍；赤壁大败，败走华容道；被马超追得割须弃袍；青梅煮酒论英雄；刺杀董卓；光脚迎许攸
"
周瑜主要的故事情节有哪些？,"三气周瑜  草船借箭  赤壁之战
"
马超主要的故事情节有哪些？,"袭击曹操；割须弃袍
"
夏侯惇主要的故事情节有哪些？,随曹操征讨黄巾军；领兵救援刘备，​攻击吕布；与高顺交战
描述一下张飞的形象,"玄德回视其人：身长八尺，豹头环眼，燕颔虎须，声若巨雷，势如奔马。
"
描述一下关羽的形象,"玄德看其人：身长九尺，髯长二尺；面如重枣，唇若凃脂；丹凤眼，卧蚕眉；相貌堂堂，威风凛凛。
"
描述一下曹操的形象,"为首闪出一将：身长七尺，细眼长髯；官拜骑都尉。
"
描述一下吕布的形象,"时李儒见丁原背后一人，生得器宇轩昂，威风凛凛，手执方天画戟，怒目而视。两阵对圆，只见吕布顶束发冠，披百花战袍，擐唐猊铠甲，系狮蛮宝带，纵马挺戟，随丁建阳出到阵前。
"
描述一下马超的形象,"只见一位少年将军，面如冠玉，眼若流星，虎体猿臂，彪腹狼腰；手执长枪，坐骑骏马，从阵中飞出。
"
描述一下诸葛亮的形象,"玄德见孔明身长八尺，面如冠玉，头戴纶巾，身披鹤氅，飘飘然有神仙之概。
"
描述一下赵云的形象,"忽见草坡左侧转出一个少年将军，飞马挺枪，直取文丑。公孙瓒扒上坡去，看那少年：生得身长八尺，浓眉大眼，阔面重颐，威风凛凛，与文丑大战五六十合，胜负未分。
"
我国古典文学名著《三国演义》中塑造了一个过五关斩六将、千里走单骑的英雄形象，这个英雄是谁？,"关羽  
"
《三国演义》中 “桃园三结义”是指哪三个人?他们各自的性格怎样? ,"刘备(忠厚善良、礼贤下士)、关羽（忠肝义胆、一身正气）、张飞（勇猛粗暴、嫉恶如仇）。 
"
"《三国演义》中哪两位人物青梅煮酒论英雄,他们各自的内心是怎样? ","曹操：故意试探刘备，看他是否能成大业，胸怀大志。 刘备：生怕自己被曹操看出破绽，竭力掩盖，内心恐慌。 
"
 “群英会中计”是哪部名著中的情节？谁中谁的计？两个人的性格怎样？ ,"设计者：周瑜；善使谋略、聪明机智。中计者：蒋干；自作聪明，败事有余。 
"
七擒孟获是那部古典名著的情节？是谁擒了猛获？为什么要七擒？ ,"是《三国演义》中的故事情节，是诸葛亮擒的孟获。共七擒七纵，是谈诸葛亮听从马谡的建议，征服心理，以求南方的长治久安。 
"
“巧授连环计”是哪部名著中的情节？”涉及哪两个人物？为什么要连环计？ ,"《三国演义》曹操、庞统，庞统献连环计表面上是为解决曹军不习水战晕船的难题，实际上是为周瑜火烧战船作准备。 
"
《三国演义》中“过五关斩六将”的是谁？斩了谁手下的六将？为何要过关斩将？ ,"关羽，斩了曹操手下的六将，因为这六人阻挡他寻找大哥刘备的去路。 
"
“草船借箭”是谁向谁借箭？这个“借”在文中具体指什么？ ,"答：周瑜设计陷害诸葛亮,诸葛亮将计就计趁大雾天扎草人攻打曹营，借来十万支箭，完成任务。 
"
你怎样评价《三国演义》中 “刘备三顾茅庐”? ,"答：表现了求贤若渴，礼贤下士的迫切心情和胸怀大志，不拘小节的宽广胸怀。 
"
《三国演义》中 “赔人夫人又折兵”的是谁? ,"周瑜
"
“鞠躬尽瘁，死而后已”的又是谁? ,"诸葛亮 。 
"
《三国演义》中，你最欢地的情节是什么?为什么? ,"关羽过五关斩六将。从中可见关羽对刘备的一片忠心。 
"
《三国演义》中 “三英战吕布”的 “三英”指哪三个人? ,"刘备；关羽 ；张飞。 
"
《三国演义》中有这样两段话： “譬犹驽马并麒麟，寒鸦配鸾凤耳”，无异周得吕望，汉得张良”，说此话者是谁？,"徐庶，被赞誉的人是诸葛亮。 
"
“丹凤眼，卧蚕眉，面如重枣，青龙偃月刀。”这一肖像描写写的是哪部小说中的哪个人物? ,"关羽。 
"
曹操说：“宁教我负天下，休教天下人负我”你怎么看待他的这种观点？ ,"反对这观点：因为这是一种以自我为中心的极端自私的人生观；或赞成这观点：要成大业就要在关键时刻忍痛割爱，不能有妇人这仁。 
"
杜牧《赤壁》诗中 “东风不与周郎便，铜雀春深锁二乔”的句子写的是哪一场战役?涉及到哪两个主要人物? ,"赤壁之战；曹操、周瑜。 
"
试举出《三国演义》中两例以少胜多的战役： 官渡之战 、赤壁之战,"作战的双方是：    曹操战袁绍 ，刘备、孙权战曹操    。
"
桃园三结义后，刘、关、张既与黄巾军作战的首领分别是？,"“天公将军”张角和“地公将军”张宝 。        
"
试举出《三国演义》中勇猛无比的人物？,"张飞、许褚、典韦。
"
建安时文坛上的“三曹”分别指？,"曹操、曹丕、曹植。
"
曹操曰“昔日当阳长坂英雄尚在！”这位英雄是？,"赵云。
"
赤壁之战曹操败于谁？,"周瑜。
"
“卧龙凤雏”分别是指?,"诸葛亮和庞统是《三国演义》中的人物，与他们各自有关的情节是：诸葛亮舌战群儒，庞统巧施连环计。
"
《三国演义》中教人制造木牛流马来搬运粮食的人是?,"诸葛亮。
"
诸葛亮最终牺牲的地点是？,"五丈原。
"
诸葛亮临终时将自己的用兵秘法都告诉给了谁？,"姜维。
"
请结合《三国演义》说出诸葛亮与周瑜联手指挥的一场著名的以少胜多的战役是？,"赤壁之战。
"
诸葛亮挥泪斩马谡的原因是?,"失街亭一事。
"
“太史慈酣斗小霸王”中的小霸王是?,"孙策。
"
“华容道义释曹操”的人是?,"关羽。
"
死于落凤坡的汉军著名的谋士是?,"庞统（凤雏）
"
请简述“桃园三结义”的故事。,"东汉末年，十常侍为奸，黄巾起义爆发，再加上连年灾荒，人民生活非常困苦。为抵抗黄巾起义，幽州太守刘焉出榜招兵，当时刘、关、张三人都去看了榜文。三人萍水相逢，但都有为国出力之心，所以一见如故，选定张飞庄后一桃园结义。三人焚香礼拜，对天宣誓结为异姓兄弟。
"
请简述张飞鞭打督邮的前因后果。,"刘备因平黄巾有功，当上了县尉，不久，朝廷派来了督邮巡查，刘备出城恭迎，而督邮态度傲慢，还诬刘备害民，扬言要免其官职，以此索贿。张飞酒后闻知此事很是生气，冲进去把督邮抓了出来绑在县衙门口的马桩上，扯下柳条狠打，打断了好几根柳条，并劝刘备杀死督邮，刘备不忍，释之，后挂印而去。
"
请简述吕布投靠董卓的故事。,"吕布原为丁原义子。董卓欲除丁原而惧怕吕布，便派李肃带着赤兔马和黄金、珠宝前去劝降。吕布见利忘义，在夜里提刀径入丁原帐中，杀之，砍下他的首级，投了董卓，并拜董卓为义父。董卓赐之金甲锦袍，封他为都亭侯。
"
请简述“孟德献刀”的故事。,"董卓欺主弄权，曹操借王允七星宝刀进府行刺。恰见其侧身于榻上，正欲刺杀，拔刀间，董卓见衣镜之中有刀光闪过，立即斥问曹操，曹操急中生智说：“我得一口宝刀，欲献恩相。”董卓接刀一看，果然是一口宝刀，后引曹操出阁看马。曹操谢道：“愿借马一试”。然后快马加鞭，逃之天天。
"
请简述曹操错杀吕伯奢的故事。,"（“捉放曹”）曹操欲刺董卓不成，骑马而逃。被中牟县令陈宫抓住，陈宫义释曹操并弃官与之同逃。后路遇曹操父亲的结义兄弟吕伯奢，其家人欲杀猪款待，曹操却误以为将要杀己，遂杀吕伯奢全家。恰路遇外出沽酒的吕伯奢，曹操又诈杀之。并声称：“宁可我辜负了天下的人，也不能让天下人辜负我。”陈宫愤怒地离曹而去。
"
请简述“温酒斩华雄”的故事,"董卓当权，把持朝政。袁绍率十八路诸侯讨伐董卓，汜水关守将华雄一连斩杀联军多员大将。关羽主动请缨，发誓胜不了华雄愿意受斩，袁绍嫌他地位低微，称其“安敢乱言”，喝令将其打出。而曹操觉得他是英雄，上前阻止，奉温好的美酒一杯壮行，关羽道：“酒且斟下，某去便来。”结果，瞬间拿了华雄的首级回营，此时酒尚未冷，诸侯惊讶不已。
"
请简述“三英战吕布”的情节。,"吕布在虎牢关斩杀多名联军大将。张飞抖擞精神；来战吕布。连斗五十余合，不分胜负。云长见了，把马一拍，舞八十二斤青龙偃月刀，来夹攻吕布，战到三十合，战不倒吕布。刘备掣双股剑，骑黄鬃马，也来助战。吕布力穷而退，诸侯大军一齐掩杀，吕布退还虎牢关。
"
请简述王允巧施连环计的情节。,"董卓为乱朝政，王允想剪除董卓，苦思不得其计，恰见义女貂蝉天姿国色，于是心生一计。先将其许给董卓的义子吕布，不久却把她送给董卓。吕布大怒，在凤仪亭与貂蝉相会，被董卓发现，貂蝉乘机离间董吕的关系。王允与吕布联合，诱使董卓离开长安，吕布杀死董卓。不久吕布被迫出走，而王允也被董卓部将杀死。
"
请简述董卓大闹凤仪亭的情节。,"吕布得知董卓纳貂蝉为姬妾，心怀不满。一日，吕布趁董卓入朝议事，入董卓府中，与貂蝉在凤仪亭相会。貂蝉假意哭诉被董卓淫污，不能复事吕布，为吕布受他人之制而遗憾，吕布满脸羞惭。董卓回府后被撞见，一怒之下抢过吕布的画戟，掷戟刺吕布，吕布大惊而逃。
"
请简述曹操大兴师要报杀父之仇的经过。,"曹操派人往琅琊郡接父亲曹嵩到兖州。曹家一行四十余人途径徐州，徐州太守陶谦欲结好曹操，遂设宴款待并派兵护送。不料所派之人竟是黄巾降将，他们杀死曹嵩一家，取了财物，逃窜他处。曹操大怒，于是发誓要向陶谦报杀父之仇。
"
请简述刘备北海救孔融的情节。,"黄巾军余党包围北海城。孔融派太史慈星夜求见刘备，刘备收到信件之后同关羽、张飞点精兵三千，往北海郡进发。关羽斩黄巾军余党首领管亥于马下。太史慈、张飞、刘备驱兵掩杀，城上孔融也驱兵出城，两下夹攻，余党溃散，解了北海之围。
"
请简述陶谦三让徐州的情节。,"曹操为报父仇发兵攻徐州，刘备引兵相救，太守陶谦命糜竺取徐州牌印，让与刘备，刘备推辞。曹操退兵后，陶谦设宴招待众人，席间陶谦及部署再让徐州，刘备仍是执意不肯。不久，陶谦病重，临死前第三次让徐州，刘备终是推托。结果，陶谦以手指心而死，后徐州军队和百姓拥立刘备，刘备乃领徐州牧，答应屯军小沛。
"
请简述曹孟德挟天子以令诸侯的故事。,"汉献帝被李傕、郭汜所逼，逃往洛阳，下诏请驻扎在兖州的曹操前来洛阳保驾。曹操采纳了苟彧的建议，率领大军来到洛阳，击败前来劫驾的李傕、郭汜。这时董昭向曹操提议，把都城迁到许都（即许昌），因为那里距曹操的根据地较近。于是曹操上表请献帝迁都，献帝移驾许都，曹操自封大将军，并封赏部下。自此曹操挟天子以令诸侯，大权尽掌于曹操之手。
"
请简述张飞醉打曹豹，吕布乘夜袭徐州的故事。,"刘备起兵讨伐袁术，派张飞守徐州城，张飞不听刘备吩咐，醉酒鞭打吕布岳父曹豹，曹豹深恨张飞，连夜差人写信给吕布。吕布派兵与曹豹里应外合，攻下徐州。张飞正醉卧府中，准备不及，引数十骑，逃出徐州。吕布占领徐州，并软禁刘备家眷。
"
请简述吕布辕门射戟的故事。,"袁术派纪灵攻打刘备，并送吕布粮草和迷信，要他不救刘备。刘备写信向吕布求救，吕布设宴调解。吕布将方天画戟插在辕门外一百五十步处，并说如果射中画戟小枝，两家罢兵；射不中，则两家厮杀。结果吕布辕门射戟应声而中，避免了一场厮杀。
"
请简述典韦之死的情节。,"宛城之战中，张绣用贾诩之计夜袭曹营，先让人将典韦灌醉，再命人偷了典韦的短戟，致使典韦在掩护曹操出逃之时，身无片甲。虽奋力以腰刀砍杀二十余敌，终因寡不敌众，中枪大叫数声而死。死后半晌，尚无一人胆敢进入。曹操获悉痛失典韦后自称比失去了长子和侄儿还要悲痛。
"
请简述曹操小斗散粮的情节。,"攻打袁绍期间，曹军远道而来，又逢荒旱，粮食接济不上。管粮官询问曹操。曹操便叫粮官王垕改用小斛分发军粮。接着曹操暗暗派人探察士兵情况。当发现激起众怒时，他一刀杀死王垕，借王垕的人头来压军心，众怒始解。
"
请简述曹操割发代首的故事。,"曹操征张绣途中，恰逢稻麦成熟，为显示爱民之心，曹操下令要求众将士不准纵马毁麦。没想到禁令刚下，曹操的马受惊跑入麦田，踏毁麦田。此时，曹操假意叫来行军主簿，要求议罪。谋士郭嘉为其开脱, 曹操顺水推舟，割发代首以示众人。
"
请简述“夏侯惇拔矢啖睛”的故事。,"夏侯惇与吕布手下高顺的军队相遇。高顺败下阵来，夏候惇绕着军阵追他。高顺阵上有个叫曹性的将领看见，暗地拈弓搭箭，一箭射中夏侯惇左目。夏候惇用手拔箭，不想连眼珠拔出，于是大呼曰：“父精母血，不可弃也！”于是便将眼珠纳于口内啖之，仍复挺枪纵马，直取曹性。曹性不及提防，早被一枪搠透面门，死于马下。
"
请简述刘安杀妻供食的故事。,"刘备被吕布所败，逃命途中，投宿猎户刘安家刘安无野味供食，乃杀其妻以食之，假言狼肉，后刘备洒泪上马时，刘安告以“本欲相随使君，因老母在堂，未敢远行”后刘备告之曹操，操令人以金百两赐刘安。
"
请简述“白门楼吕布殒命”的故事。,"下邳城失陷后，吕布被缚至白门楼。吕布恳请刘备在曹操面前说情，刘备点头示意。吕布对曹操表示降服，曹操问刘备“何如”，刘备以吕布认丁原和董卓为义父而又杀之为例，劝曹操杀掉吕布。吕布大骂刘备“大耳儿”。曹操令将吕布缢死，然后枭首。
"
请简述“曹阿瞒许田打围”的情节。,"曹操想通过许田打围来考查朝廷内外的反应。在打围的过程中，汉献帝连射三箭不中，曹操讨天子宝雕弓、金鈚箭射之，正中鹿背。群臣以为天子射中，涌向献帝高呼“万岁”。曹操纵马直出，遮于天子之前以迎受之。众皆失色。云长欲斩曹操，被刘备及时制止。
"
请简述曹操煮酒论英雄的情节。,"曹操派人请刘备到小亭煮青梅喝酒。曹操问刘备当事英雄是谁，刘备说了几个人，都被否定。刘备反问曹操，曹操说：“今天下英雄，惟使君与操耳！”刘备惊得手中的筷子掉在地上。突然天下大雨，雷声大作，刘备说是因为好怕打雷，才掉了筷子。曹操认为刘备胆小如鼠，再也不疑刘备了。
"
请简述曹操煮酒论英雄的情节。,"刘备寄于曹操篱下，以种菜掩人耳目。一日，曹操请刘备坐饮畅谈。曹操问天下谁是英雄，刘备答了袁绍等人的名字，曹操只是摇头。操说“天下英雄，惟使君与操耳”。刘备闻言大为吃惊，匙箸落地。此时雷声大作，刘备借雷声掩饰吃惊，使曹操认为其胆小如鼠，不复怀疑。
"
请简述祢衡击鼓骂曹的情节。,"曹操欲使人劝说刘表归顺，孔融荐祢衡。曹操见之，不加礼，祢相讥，又批斥其人才。曹操恼怒，命其为鼓吏以辱之。祢衡于宴上裸衣击鼓，痛骂操。操不愿负杀戮贤士之名，遂遣之。祢衡在众人的劝说下奔赴荆州。至荆州祢又讥讽刘表，
"
请简述张飞设计劫寨中计的情节。,"曹操进攻刘备，张飞向刘备献计劫曹寨。这本是妙计，哪知那天刮东南风，曹军牙旗被风折断，根据这个先兆，荀彧等人料定有人劫寨，于是设下埋伏，张飞中计，只得带兵向芒砀山逃去。
"
请简述屯土山关公约三事的情节。,"曹操率军征讨刘备，刘备投奔袁绍，关羽被曹操围困在土山之上。操使张辽前往说之。辽具说关公拼死有三罪，降操有三利。关公亦有三约：降汉不降曹；礼待二嫂；一旦得知刘备下落，便当辞去。操从其言。关公告甘、糜二夫人后降操。
"
请简述关云长挂印封金的情节。,"关羽得知刘备在袁绍处，到相府辞别曹操，曹操为了挽留关羽，假托有病，挂壁客牌不见客人。张辽也托病不出。关羽无奈，只得留下书信一封，辞别曹操。将曹操所赐金银，一一封在府库中，分毫未动，汉寿亭侯之印挂在堂上。关羽喝退门吏，带上嫂嫂，去寻刘备。
"
请简述关羽千里走单骑过五关斩六将的故事。,"关羽得知刘备在袁绍处，于是带着甘糜二夫人去寻刘备。但因为没有曹操的公文，各关守将均不敢通行，于是关羽就保护二位嫂嫂，千里走单骑，勇闯东岭、洛阳等五座关口，斩了孔秀、韩福、秦琪等六员守将，夺下渡船，过了黄河，一路追寻刘备。
"
请简述身在曹营心在汉的故事。,"（这一典故常用来比喻人在某一方挂职，心却向往另一方。）刘备兵败投袁绍，关羽被曹操所俘，曹操礼遇甚厚，拜为偏将军，封为汉寿亭侯，但关羽身在曹宫心在汉，“降汉不降曹”。为报曹操知遇之恩，他杀颜良，诛文丑，解曹军白马之围，但绝不能背叛刘备。后来，关羽打听到刘备下落，拜书告辞曹操，“千里走单骑”，“过五关斩六将”，终于找到刘备。
"
请简述斩蔡阳兄弟释疑的情节。,"关羽行至芒砀山，听说张飞的消息，十分高兴。立即前往古城会见张飞。张飞以为关羽负义投降了曹操，只接嫂嫂，却攻关羽。忽然，蔡阳追兵又到，为表真心，关羽砍死蔡阳，兄弟俩方才消除了误会。
"
请简述许攸问粮的情节。,"官渡之战前夕，许攸为袁绍所逼而投奔曹操。曹知许来投，跣足出迎，还先拜于地。攸说明来由，并问曹军军粮多少。操先答可支一年后改口半年，攸拂袖出帐，操为挽留攸曰“三月耳”，攸笑操果为奸雄。操就附耳说只有此月粮。攸大声道“粮已尽矣”，操愕然。而后，攸出谋取乌巢，使曹军以少胜多，打败袁绍。
"
请简述官渡之战的情节。,"袁绍率十万大军进驻官渡，企图消灭曹操的军队。谋士许攸遭疑投降曹操，并且提供了许多情报。曹操得知袁绍在乌巢囤积了大量粮草，立即亲率精锐军队连夜奔袭乌巢。袁绍只派少量骑兵救援乌巢，仍然留主力进攻官渡。由于乌巢粮草被烧光，袁军上下恐慌，官渡前线的大将亦投降曹操。
"
请简述曹操仓亭破袁绍的情节。,"程昱献“十面埋伏”之计，劝曹操退军于河上，伏兵十队引诱袁绍追至河上，曹军背水死战，必将取胜。曹操从其计，左右各分十队，次日埋伏已定。至半夜伪作劫寨之势。袁绍拔寨而走，在仓亭附近，处处有埋伏，袁军大败，只得引袁尚等回冀州养病。
"
请简述许攸献计夺冀州的情节。,"袁绍死后，其子袁尚兵退冀州。为助曹操夺取冀州，许攸献计，令曹操决漳河之水淹城。守城审配闻此仅是暗笑，不作防备。不想，当夜，曹操添十倍军力并力发掘，等到天亮，竟挖出两丈深的战壕。然后引漳河水灌之，水淹冀州。以致城内弹尽粮绝，军士饿死殆尽。（３分）终而被曹军攻破，审配被斩，陈琳投降。
"
请简述许攸之死的情节。,"许攸居功自傲，口出狂言后，曹操大笑。众将闻言，俱怀不平。一日，许褚骑马入东门，正遇许攸，许攸对他说：“汝等无我，安能出入此门乎？”许褚大怒，拔剑杀许攸，提头来见曹操。曹操深责许褚，令厚葬许攸。乃令人遍访冀州贤士。
"
请简述刘备之“髀肉复生”的故事。,"刘表邀刘备荆州相会。席间，刘备反对刘表废长立幼，自觉语失，起身如厕。因见髀肉复生而潸然流涕。刘表怪之，刘备解释说是因为久不骑马，导致髀里肉生，又感慨老之将至，功业未建。刘表以“煮酒论英雄”之事安慰刘备，不料刘备竟乘酒兴失口言说天下碌碌之辈，不足为虑。刘表默然。
"
请简述刘皇叔跃马过檀溪的故事。,"刘表夫人蔡氏听到刘备反对刘表立幼子为继承人，遂与其弟蔡瑁密谋，以刘表名义在襄阳设宴欲害刘备。宴上，荆州幕宾伊籍将蔡氏阴谋密报刘备，并引其从西门逃脱。蔡瑁闻讯，追至檀溪，刘备纵马下溪，马前蹄忽陷。刘备大呼“的卢，的卢，今日妨吾”，马遂纵身而起，跃过檀溪。刘备脱险。
"
请简述刘备治理新野的故事。,"刘备受命屯驻新野长达七年之久，在此期间，刘备对自己的政治生涯进行了认真的反思，并接受“水镜先生”的批评，更加重视争取民心，为重新崛起准备条件。他以安民为务，因此“军民皆喜，政治一新。”新野百姓欣然讴歌道：“新野牧，刘皇叔；自到此，民丰足。” 
"
请简述元直走马荐诸葛的故事。,"徐庶之母被曹操取许都，程昱诈称与徐庶结为兄弟，仿徐母字叫徐庶归曹。徐庶接信后念母，与刘备别，刘备置酒饯行，泣留不肯相离，送了一程又一程。徐庶匆匆离去。后因树林隔断视线，刘备命尽伐之，以免阻挡自己望徐庶之目。忽徐庶拍马而回，荐诸葛亮后再别刘备，之后刘备便有三顾茅庐之美谈。
"
请简述徐庶进曹营——一言不发的情节。,"谋士徐庶曾经辅佐刘备大胜曹操。后来，曹操捉得其母，并伪造徐母亲笔信，将徐庶骗去许昌。徐母得徐庶为尽孝而离开刘备后，痛斥徐庶，并上吊身亡以绝徐庶尽孝之念。从此，身在曹宫的徐庶便践行离别刘备的誓言，终身不为曹操设一谋。
"
请简述三顾茅庐的情节。,"由于徐庶的推荐，求贤若渴的刘备便带关羽、张飞三次前往隆中拜访诸葛亮。第一次，小僮说诸葛亮外出。第二次，刘备他们冒雪来访，只见到诸葛亮的弟弟。备留信表敬慕之情。第三次，诸葛亮正在睡觉，刘备拱手立于阶下一直等到诸葛亮睡醒。诸葛亮为刘备的诚心所感动，终于答应出山。
"
请简述“隆中对”的内容。,"曹操挟天子以令诸侯，占着天时；孙权据有江东，占着地利；而刘备帝室之胄，信义著于天下，总揽英雄，思贤若渴，可占人和。应当先取荆州为家，后取西川建基业，采取据蜀、联吴、抗曹的策略，成鼎足之势，然后可图中原。
"
请简述火烧博望坡的情节。,"三国前期，势力强大的曹操，统一北方之后南下攻打刘备。此时刘备投靠刘表，驻在新野。曹操派大将夏侯惇进攻新野。这时刘备已经请出了诸葛亮。诸葛亮在博望坡设下埋伏，令赵云去诱敌深入，然后火攻。夏侯惇果然中计。大败而归。这是孔明出山后打的第一仗。
"
请简述火烧新野的情节。,"火烧博望坡之后，曹操派曹仁和曹洪大军进攻新野。诸葛亮料新野呆不了，就留下空城，民房屋上藏硫磺等引火之物。曹军未知是计，造饭安歇。夜里狂风大作，埋伏在城外的刘备军往城里射火箭。军士飞报火起，曹仁还言是造饭不慎所致。大火迅速烧起来。曹兵逃奔出城，被刘备军截杀，大败而归。
"
请简述刘备携民渡江的情节。,"当曹操亲率大军南征荆州，刘备被迫向襄阳撤退，新野、樊城之民“虽死，亦愿随使君！”于是，刘备不顾众将反对，坚持认为“举大事者必以人为本。今人归我，奈何弃之？”他沿途收留难民，扶老携幼，含辛茹苦，上演了“携民南行”的悲壮一幕。如此撤退，显然有违于“兵贵神速”的军事原则，便却使刘备赢得了民心。
"
请简述赵子龙单骑救主的故事。,"刘备将一家老小托付赵云。混战之中，赵云不见刘备及其老小，便在乱军中寻觅，他找到甘夫人后，杀开条大路，直至长坂城。而后再回旧路寻找。在一墙下枯井旁寻得糜夫人和阿斗。糜夫人为存子嗣，投井自杀。赵云独自一人，怀抱后主，左右冲杀，冲出重围。
"
请简述刘备摔阿斗——收买人心的故事。,"曹操十万大军进攻荆州，刘备带领几千士兵和数万百姓南逃，赵云负责保护刘备家小。曹军四下涌来，赵云把刘备小儿子阿斗裹在怀中，出生入死，终于杀出重围，回到刘备身边。当赵云把阿斗递到刘备怀里时，刘备接过，却把阿斗摔到地上，说“为汝这一孺子，几损我一员大将！”赵云见此大为感动，一生尽忠蜀汉。
"
请简述张翼德大闹长坂桥的情节。,"（这是《三国演义》是最能体现张飞“勇猛”的片断。）文聘追赵云至长坂桥，见张飞立马桥上，疑桥东有伏兵，不敢近前。曹操大军赶到。张飞睁圆环眼，厉声大喝日，声如巨雷，曹军股栗。曹操想起关羽曾说张飞勇武无敌，便下令不可轻敌。言未已，张飞睁目又喝。曹操颇有退心。张飞见曹后军阵脚移动，挺矛再喝，夏侯杰惊得肝胆碎裂，倒撞于马下。操回马而走。
"
请简述诸葛亮舌战群儒的情节。,（这是《三国演义》中最精彩的外交故事。）诸葛亮为联吴抗曹来江东见孙权，早有一班文武二十余人在此等待。面对张昭等人
请简述周瑜析曹势列“四忌”的情节。,"北土未平，马腾，韩遂为其后患，曹操久于南征，此一忌；北军不熟水战，曹操舍鞍马，仗舟楫，与东吴争衡，此二忌；时值隆冬盛寒，马无蒿草，此三忌；驱中国士卒，远涉江湖，不服水土，多生疾病，此四忌。
"
请简述诸葛亮智激周瑜的情节。,"孔明随鲁肃来见周瑜，周瑜、孔明心中早有主意，却都故意言降以刺激对方。鲁肃大惑不解，夹在两人中间，互相说解。孔明故意念了曹植的《铜雀台赋》，曲解其意，说曹操乃是为了二乔而来，激起周瑜大怒，周瑜请求孔明相助，共破曹操。
"
请简述周瑜的反间计（或“蒋干盗书”“蒋干中计”）的情节。,"赤壁之战前，蒋干自告奋勇，充当曹操说客，企图劝说周瑜投降。周瑜正担心新降曹的蔡瑁和张允助曹训练水军，便将计就计，摆下“群英会”接待蒋干，并佯醉与蒋干同床酣睡，诱导蒋干盗走事先伪造的张、蔡二人的“投降书”。急于立功的蒋干和生性多疑的曹操果然中计，蔡张被杀，周瑜反间计大获成功。
"
请简述草船借箭的情节。,"周瑜决意杀诸葛亮，委任他十日打造十万支箭。诸葛亮领命说，只需三日，并立下军令状。他算定第三天江上回有大雾，便向鲁肃借了二十只草船，于是夜趁雾色靠近曹营。曹操不知虚实只命射箭不止。孔明不费一兵一卒借回十万多支箭，周瑜自叹不如。
"
请简述周瑜打黄盖——一个愿打一个愿挨的情节。（苦肉计）,"为了让曹操上当，以便火攻曹军，周瑜决定使用苦肉计。黄盖愿行此计，并在周瑜与众将商议退敌之策时，故意大唱反调。尤其是在曹操奸细蔡中、蔡和面前为战、降问题争吵。于是周瑜下令将黄盖打得皮开肉绽，卧床不起。随后黄盖诈降曹操，率船火烧曹操水军，立下大功。
"
请简述连环计的情节,"（连环计就是让敌人自己牵制自己，然后再去谋取。用一条计谋使敌人自己牵制自己，再用一计进攻敌人，两条计谋结合起来运用，就能够摧毁势力强大的敌人。）赤壁之战前夕,庞统向周瑜献连环计，瑜设计使蒋干邀庞统到曹营。操与统同观营寨，又共论兵法。统对答如流使操敬服。统乘机提出：大江中风浪不息使北兵易生疾病。可将大小船配搭，首尾用铁环连锁，铺阔板以便人马行走。操闻之大喜，派人连夜打造连环大钉，锁住船只。这为周瑜火攻曹军提供有利条件。
"
请简述庞统救徐庶之计的情节,"徐庶严守破曹的秘密，庞统教徐庶远离战祸的方法：密使近人去各寨中散布谣言，西凉州韩遂、马腾谋反，杀将许都，徐庶自荐请三千兵马星夜往散关，把住隘口。
"
请简述曹操横槊赋诗的情节,"建安十三年冬，曹操率八十万大军抵江北，欲灭孙刘，统一天下。明月皎洁之夜, 操在江上置酒设乐欢宴诸将。操请诸将为统一同心协力，日后共享富贵。酒酣，操取槊立船头，慷慨而唱《短歌行》，表达对贤才的渴慕。歌罢，刺史刘馥说此歌不祥，操乘醉用槊将其刺死，后果乐极生悲，险些在赤壁一战丢性命。
"
请简述诸葛亮七星坛借东风的情节,"周瑜为没有东南风而病倒在床上。诸葛亮给周瑜开了个“药方”，上面写着：“万事俱备，只欠东风。”说他能借来东风，他让周瑜为他搭起高九尺的七星坛，然后自己在坛上做法。几天之后，果然刮起了东南风。周瑜嫉妒，便派人去杀诸葛亮。然而诸葛亮早有预防，事先回夏口去了。
"
请简述赤壁之战的情节。,"曹操率大军南征，处于弱势的蜀吴联合抗曹，兵决定采用火攻的策略。周瑜行反间计骗取曹操杀了水军将领，又以连环计让曹军战舰相连成。诸葛亮作法祭来东南风；黄盖行苦肉计诈降。率船顺风纵火冲向对岸，火烧曹军水寨，延及岸上大营。曹军全面溃败。
"
杜牧《赤壁》诗中“东风不与周郎便，铜雀春深锁二乔”，写的是《三国演义》中的哪一场战役？请简述。,"赤壁之战。曹操基本统一北方后，挥师南下，欲一举统一天下。危急时刻，刘备派诸葛亮随鲁肃赴柴桑会见孙权，说服孙权结盟抗曹。孙权命周瑜为主将，联合刘备军，迎击曹军。孙刘联军与曹军对峙于赤壁，周瑜采纳部将黄盖所献的苦肉计，对曹军实施火攻，曹军船阵被烧，孙刘联军乘势出击，曹军死伤过半，遂率部北退。
"
请简述曹操“三笑”的情节。,"赤壁大败后，曹操从华容道败走，他三笑诸葛亮、周瑜智谋不足，未在险要处暗设伏兵。然而一笑笑出赵云，二笑笑出张飞，多亏部下相救才得以逃脱，三笑笑出关羽，且又在万夫莫开的花容道上，曹操以昔日之情说动关羽，关羽义重如山，放了曹操。
"
诸葛亮为何会派关羽把守华容道？关羽放走曹操，受军令状处罚了吗？请简述相关情节。,"关羽自动请缨，并保证不因昔日之恩而放走曹操，还立下军令状；另外，诸葛亮夜观天象，曹操未合身亡，于是才派关羽把守华容道，留个人情给关羽。关羽放走曹操，诸葛亮欲斩关羽，刘备以桃园结义誓同生死为由请求告免，诸葛亮方才饶了关羽。
"
请简述赵云拒亲的情节。,"孔明派赵云攻取桂阳郡，太守赵范投降，并拜赵云为兄长，要将自己守寡的嫂子徐给赵云，赵云怒，打到赵范，上马出城。后赵范复叛，又被赵云活捉。刘备问赵云拒亲的缘由，赵云说：“但恐名誉不立，何患无妻子乎？”刘备赞：“子龙真丈夫也。”
"
"请简述刘备借荆州,一借永不还的情节。","赤壁战后，周瑜任南郡太守，坐镇荆州，而刘备驻守地小物薄的公安，不利发展。于是刘备向孙权两次提出借荆州。孙权采纳周瑜的建议，非但不借，反利用联姻软禁刘备。周瑜病故，鲁肃继任。鲁肃从抗曹战略出发劝孙权暂借荆州。刘备借得后，以之为立足点，北抗曹操，西取益州，建立蜀汉政权。
"
请简述关云长义释黄汉升的情节。,"关羽攻打长沙，与大将黄忠大战，黄忠战马有失，跌倒在地，关羽不杀黄忠，让他换马再战。太守韩玄将自己的青马送给黄忠，并令其射死关羽。黄忠心下不忍，几次虚射后，射中关羽盔缨根上。韩玄以为黄忠叛变欲杀之，魏延突然杀出，斩杀韩玄，开城投降。
"
请简述刘备娶亲的情节。,"周瑜设计在甘露寺招亲，试图软禁刘备。吴国太起初时对孙权行美人计不满，但见了刘备后大喜，以为“真吾婿也！”。但孙权一意孤行，刘备哀求乔国老，乔国老为刘备禀告吴国太，令作护持，因此刘备和孙夫人得以砸死甘露寺完婚。
"
请简述诸葛亮的锦囊妙计的情节。,"孙权向刘备讨还荆州遭到拒绝后，周瑜向孙权献上“美人计”；用孙权之妹为饵，将刘备骗到东吴，逼还荆州。诸葛亮将计就计，让刘备择日就亲，并给赵云三个锦囊，教赵云依次而行。结果，刘备一行人按照锦囊中的策划，私会乔国老，智激孙夫人，其后又再气周公瑾，使得东吴“赔了夫人又折兵”。
"
请简述锦囊妙计的具体内容。,"孙权引诱刘备入东吴招亲，要挟其交还荆州。孔明在临行前交给赵云三个锦囊，令其依计行事。第一个锦囊：一到东吴就拜会乔国老，使刘备的消息人尽皆知。第二个锦囊：对刘备谎称曹操打到荆州，让沉浸在温柔乡里的刘备及早返回。第三个锦囊：回荆州途中遇上东吴的追兵，让刘备求孙夫人解围。
"
请简述三气周瑜的情节,"赤壁大战后第二年，周瑜去夺荆州，却被诸葛亮抢先夺去，火气攻心，箭伤破裂；瑜本想假借把孙权的妹妹嫁给刘备这一机会，逼诸葛亮交出荆州，不料亮让赵云依锦囊行事，使瑜“赔了夫人又折兵”，再次生病；周瑜想用“假途灭虢”之计取荆州，被诸葛亮识破，仰天长叹“既生瑜，何生亮？”连叫数声而死。
"
请简述“卧龙吊丧”的情节。,"周瑜气死后，诸葛亮与赵云引五百军，具祭礼，乘船前往柴桑口吊祭。亮设祭物于周瑜灵前，亲自奠酒，跪读祭文，哭诉二人合力抗曹之谊及从此更无知音之憾。东吴诸将始欲杀亮，皆被其哀哭所感动，自思孔明自是多情，乃公瑾量窄，自取死耳。诸葛亮祭罢，遇庞统，劝统投奔刘备，然后安然返回荆州。
"
请简述“风雏理事”的情节。,"鲁肃、孔明各作荐书劝庞统投奔刘备。统见了备未出示荐书。备因统貌陋且长揖不跪而不悦，便让统任耒阳县令。统不理政事，终日饮酒为乐。备大怒，让张飞去讯问。张飞见统衣冠不整，扶醉而出，欲问罪。统便在不到半日间将百余日所积公务尽皆剖断，曲直分明，令人叹服。张飞的力荐和鲁孔的荐书让统被重用。
"
请简述曹操割须弃袍的情节。,"曹操被马超击败溃逃，听见有人叫：“穿红袍的是曹操!”便脱下红袍。又听见大叫：“长胡子的是曹操!”便惊慌割了胡子。又听见：“短胡子的是曹操!”立即扯起衣角包着下巴逃跑。马超追上，曹操吓得绕树而走，马超一枪刺在树上，曹操乘机逃走。马超追去，被曹洪拦住。曹操逃脱。
"
请简述许诸裸衣斗马超的情节。,"马超到曹军营寨前求战，许诸约马超来日决战。次日，两军出营布阵。许诸与马超斗了两个一百多回合，不分胜负。许诸性起，卸甲赤体提刀，来与马超厮杀，直到两人弃刀断枪，在马上乱战。后来两军混杀，操兵大乱，许诸臂中两箭。
"
请简述曹操抹书间韩遂的情节。,"曹操采用贾诩的离间计，约韩遂单独谈话，不言军务直言京师旧事，马超心甚疑。曹操又派人送去一封涂改的书信，马超以为是韩遂有意涂改。韩遂为表真心和马超约定，他赚曹操阵前说话，马超趁机刺杀，失败后，马超大怒，砍断韩遂一只手臂，二人反目，韩遂投降。
"
请简述张松献图的经过。,"张松入许都拜见曹操，因相貌丑陋遭到曹操的傲慢对待，被曹操乱棍赶走。张松在归川的路上，赵云得命等候在路上迎接他，张松得到刘备的厚待，就将私自绘制的西蜀地形图交给刘备，又将法正、孟达推荐给刘备。
"
介绍一下桃园三结义的故事情节,"东汉末年，朝政腐败，再加上连年灾荒，人民生活非常困苦。刘备有意拯救百姓，张飞、关羽又愿与刘备共同干一番事业。三人情投意合，选定张飞庄后一桃园。此时正值桃花盛开，景色美丽， 张飞准备了青牛白马，作为祭品，焚香礼拜，宣誓完毕；三个人按年岁认了兄弟。刘备年长做了大哥，关羽第二，张飞最小做了弟弟。
"
介绍一下草船借箭的故事情节,"周瑜看到足智多谋的诸葛亮处处比自己高出一筹，便心怀嫉妒，甚至一心想将诸葛亮置于死地而后快。他以军 中缺箭为名， 心生一计，让诸葛亮十天内造出十万支箭。由此看来周瑜不仅忌妒心强，而且又十分阴险狡猾。然而，独具慧眼的诸葛亮却满口答应下来，趁着大雾漫 天，用草船向曹营""借""了十万支箭，提前七天顺利地完成了任务，使周瑜的阴谋彻底失败。
"
介绍一下空城计的故事情节,"三国时期，魏国派司马懿挂帅进攻蜀国街亭，诸葛亮派马谡驻守失败。司马懿率兵乘胜直逼西城，诸葛亮无兵迎敌，但沉着镇定， 大开城门，自己在城楼上弹琴。司马懿怀疑设有埋伏，引兵退去。等得知西城是空城回去再战，赵云赶回解围。		三顾茅庐：刘 备听说诸葛亮很有学识，又有才能，就和关羽、张飞带着礼物到隆中卧龙岗去请诸葛亮出来帮助他替国家做事。恰巧诸葛亮这天出去了，刘备只得失望地回去。不 久，刘备又和关羽、张飞冒着大风雪第二次去请。不料诸葛亮又出外闲游去了，第三次拜访才见到诸葛亮。在这一过程中，刘备表现出极大的耐心和诚恳。	过五关斩六将：关羽与刘备、张飞失散，后来得到了刘备的消息，因此，立即向曹操请辞， 但曹操避而不见，最后，关羽只能不辞而别。由于，没有得到曹操的手谕，因此，一路之上遭到了层层拦阻，但关羽凭借一己之力，过了五个曹操所辖关（城市），立斩曹操六员大将。具体是指过东岭关时杀孔秀；过洛阳城时杀韩福、孟坦；过汜水关时杀卞喜；过荥阳时杀太守王植；过黄河渡口时杀秦琪。
"
介绍一下单骑救主的故事情节,"新野一战，刘备以少胜多打败曹操，曹操引五十万大军前来报仇。刘备的三千人马走到当阳县，突然被曹兵截住，战到天明才摆脱曹兵的追赶，护卫刘备家小的赵云发现不见了刘备，走散了糜夫人母子，急集合三十骑，又杀回乱军中寻找。赵云力战众将，威武勇猛。正在山上观战的曹操见赵云势不可挡，传令一定要活捉。赵云利用这个机会冲出包围，连杀50员曹将，终于将阿斗交给了刘备。
"
介绍一下水淹七军的故事情节,"刘备自立为汉中王后，关羽亲自率领大军进攻樊城。樊城的魏军守将曹仁赶快向曹操求救。曹操派了于禁、庞德两员大将率领七支人马前去增援。正在双方相持不下的时候，樊城一带下了一场大雨。汉水猛涨，平地的水高出地面有一丈多。于禁的军营扎在平地上， 四面八方大水冲来，把七军的军营全淹没了。于禁和他的将士不得不泅水找个高地避水。关羽早就抓住于禁在平地上扎营这个弱点。他趁着大水，安排好一批大小船只，率领水军向曹军进攻。他们先把主将于禁围住，叫他放下武器投降。于禁被围在一个汉水中的小土堆上， 逼得无路可退，就垂头丧气地投降了。庞德掉在水里，关羽水军赶上去，把他活捉了。	火烧连营：刘备为报吴夺荆州、关羽被杀之仇， 率大军攻吴。吴将陆逊为避其锋，坚守不战，双方成对峙之势。蜀军远征，补给困难，又不能速战速决，加上入夏以后天气炎热，以致锐气渐失，士气低落。刘备为舒缓军士酷热之苦，命蜀军在山林中安营扎寨以避暑热。陆逊看准时机，命士兵每人带一把茅草，到达蜀军营垒时边放火边猛攻。蜀军营寨的木栅和周围的林木为易燃之物，火势迅速在各营漫延。蜀军大乱，被吴军连破四十余营。陆逊火烧连营的成功，决定了猇亭之战蜀败吴胜的结果。
"
介绍一下七擒孟获的故事情节,"蜀丞相诸葛亮受昭烈帝刘备托孤遗诏，立志北伐，以重兴汉室。就在这时，蜀南方之南蛮又来犯蜀，诸葛亮当即点兵南征。到了南蛮之地，双方首战诸葛亮就大获全胜，擒住了南蛮的首领孟获。但孟获却不服气，其间诸葛亮采用马谡攻心的计策，七擒孟获，孔明都放了他。孟获起誓：以后将决不再谋反。孔明见他已心悦诚服，觉得可以利用，于是便委派他掌管南蛮之地，孟获等听后不禁深受感动。从此孔明便不再为南蛮担心而专心对付魏国去了。
"
介绍一下借东风的故事情节,"诸葛亮与周瑜制定了火攻曹营的计划。但连日来江上一直刮西北风，用火攻不但烧不着北岸的曹兵，反而会烧到自己。诸葛亮说他能借来东风，他让周瑜为他搭起高九尺的七星坛，然后自己在坛上做法。几天之后，果然刮起了东南风，为后来赤壁之战取得胜利奠定了物质基础。 白帝城托孤：荆州被吴国攻占，关羽兵败被俘，不降， 被杀。刘备闻后尽起全国大兵去讨伐吴国，为关羽报仇，但被吴火烧联营，大败后兵败退到白帝城，一病不起，刘备对诸葛亮说：""如果你看阿斗是个当皇帝的料子，你就辅佐他，如果他不是个当皇帝的料子，你就把他废黜了，你自己当皇帝吧。""诸葛亮一听立刻跪下说： 我一定会全心全意辅佐刘禅的，绝不敢有一点自己当皇帝的意思。一定会做到鞠躬尽瘁，死而后已。
"
简述一下官渡之战,"袁绍率十万大军进驻官渡，企图消灭曹操的军队。谋士许攸遭疑投降曹操， 并且提供了许多情报。曹操得知袁绍在乌巢囤积了大量粮草，立即亲率精锐军队连夜奔袭乌巢。袁绍只派少量骑兵救援乌巢，仍然留主力进攻官渡。由于乌巢粮草被烧光，袁军上下恐慌，官渡前线的大将亦投降曹操。
"
简述一下赤壁之战,"曹操统一北方后，决定南下一举统一。刘备派诸葛亮舌战群儒，在周瑜、鲁肃支持下，孙权决定抵抗。周瑜利用北兵多不惯水战及发生疾病等弱点，定下火攻策略，并实施苦肉计，派黄盖诈降。曹操轻信，登上用铁索连在一起的战船。诸葛亮借来东风，黄盖顺风直扑曹军水寨。曹操大败北还。
"
简述一下彝陵之战,"刘备为替关羽复仇，亲率大军讨伐东吴。孙权起用青年将领陆逊，赴猇亭前线指挥作战。陆逊力排众议，决定坚守，避免交战。由于天气燥热，蜀军将士疲惫不堪，戒备松懈。陆逊及时抓住战机，下令采用火攻，烧尽蜀军 40 多座军营。蜀军全线崩溃。刘备逃回白帝城。不久羞愧发病而死。
"
简述一下水淹七军,"公元 219 年秋季，关羽在襄阳、樊城抗曹。关羽仔细考察地形，发现襄江与白河水势甚急，又发现曹军驻扎在山谷之内，于是派人堵住各处水口，趁夜晚风雨大作之际，放水淹没曹军。大意的于禁则没有采取防范措施，全军覆没， 于禁投降，庞德被擒。
"
简述一下汉中争夺战,"曹操夺取汉中，令曹洪、夏侯渊镇守。张飞打败张邰夺取瓦口隘，黄忠夺取天荡山，并听从法正的计策在定军山半山以逸待劳斩杀夏侯渊。从许都赶来的曹操战局不利，发布鸡肋军令，借故斩杀杨修，不久退兵。刘备夺取汉中， 进位汉中王。
"
简述一下刮骨疗毒,"关羽旧时箭伤常在阴天发作。华佗认为应当切开臂膀刮掉渗入毒药，病才能根除。关羽便伸出臂膀让华佗切开。华佗用刀刮骨，悉悉有声。左右掩面失色。关羽却饮酒食肉，谈笑弈棋，神色自若。华佗刮尽其毒，敷上药，以线缝之。关公大笑而起。华佗称赞说：“君侯真天神也!”
"
简述一下煮酒论英雄,"曹操派人请刘备到小亭煮青梅喝酒。曹操问刘备当世英雄是谁，刘备说了几个人，都被否定。刘备反问曹操，曹操说：“今天下英雄，惟使君与操耳!” 刘备惊得手中的筷子掉在地下。突然天降大雨，雷声大作，刘备说是因为害怕打雷，才掉了筷子。曹操认为刘备胆小如鼠，再也不疑刘备了。
"
简述一下空城计,"诸葛亮失守街亭。司马懿亲率大军扑来。诸葛亮身边没有作战力量。诸葛亮于是披上一件宽大长衫，戴一顶便帽，登上城楼，凭着楼上栏杆端端正正地坐下，点燃香，安然自得弹起琴来。司马懿来到城下，看不出丝毫破绽。忽然他神色一变，忙下令马上撤退。
"
简述一下单刀赴会,"鲁肃为夺回荆州，设酒宴招待关羽。席间埋伏刀斧手。关羽早有准备，只带领十几个随从人员，轻驾小舟，单刀赴会，席间，关羽借与鲁肃叙旧为由， 拉着鲁肃不放手，实则以鲁肃为人质。埋伏刀斧手见鲁肃被困，未敢轻易下手。关羽安然离去。
"
简述一下关羽温酒斩华雄,"袁绍率十八路诸侯讨伐董卓，虎牢关守将华雄一连斩杀联军多员大将。关羽主动请缨，因为身份低微而受他人嘲笑。关羽于是立下军令状。曹操觉得他是英雄，奉温好的美酒一杯，关羽道：“酒且斟下，某去便来。”关羽瞬间拿了华雄的首级回营，此时酒尚未冷。
"
简述一下张飞大闹长坂桥,"文聘追赵云至长坂桥，见张飞立马桥上，疑桥东有伏兵，不敢近前。曹操大军赶到。张飞睁圆环眼，厉声大喝日，声如巨雷，曹军股栗。曹操想起关羽曾说张飞勇武无敌，便下令不可轻敌。言未已，张飞睁目又喝。曹操颇有退心。张飞挺矛再喝，夏侯杰惊毙。操回马而走。
"
简述一下刘备仁厚,"刘备伐吴，命黄权屯驻江北，不久刘备战败，黄权撤退之路被吴军封死， 黄权遂率军投降曹魏。有人建议刘备逮捕黄权的妻、子，刘备认为是他的过错导致战败，才使黄权没了退路，投降曹魏是迫不得已之举，不准有关部门逮捕黄权的家人，并“待之如初”。
"
简述一下曹操割须弃袍,"曹操被马超击败溃逃，听见有人叫：“穿红袍的是曹操!”便脱下红袍。又听见大叫：“长胡子的是曹操!”便惊慌割了胡子。又听见：“短胡子的是曹操!”立即扯起衣角包着下巴逃跑。马超追上，曹操吓得绕树而走，马超一枪刺在树上，曹操乘机逃走。马超追去，被曹洪拦住。曹操逃脱。
"
简述一下司马懿忍辱受衣,"孔明屡次令人搦战，司马懿不予理睬，孔明就拿取妇人的丧冠——巾帽， 外加妇人素缟衣服，写了一封书信，用大盒子装了，送到魏寨。嘲笑司马懿甘愿守巢窟畏刀避箭，与寡妇没有什么区别。司马懿看完书信，忍住心中大怒而佯笑，接受衣服，并重赏了来使。
"
简述一下刘备摔阿斗的故事,"赵云与乱军中救回阿斗，双手递与玄德。玄德接过，掷之于地日：“为汝这孺子，几损我一员大将!”赵云忙向地下抱起阿斗，泣拜日：“云虽肝脑涂地， 不能报也!”
"
简述一下刘备携民渡江,"曹操大军压境时，刘备率部从荆州向南撤退，荆州十余万百姓自愿跟随刘备撤退。有人对刘备说：“我们应该赶快退保江陵。现在带着这么多老百姓， 能作战的人不多，若曹操大军追上，何以拒之?”刘备说：“夫举大事者必以人为本，今人归我，奈何弃之。
"
简述一个表现诸葛亮“多智近妖”的故事,"诸葛亮借东风。周瑜为没有东南风而病倒在床上。诸葛亮给周瑜开了个“药方”，上面写着：“万事俱备，只欠东风。”说他能借来东风，他让周瑜为他搭起高九尺的七星坛，然后自己在坛上做法。几天之后，果然刮起了东南风。周瑜嫉妒，便派人去杀诸葛亮。然而诸葛亮早有预防，事先回夏口去了。
"
简述《三国演义》中能体现曹操 “奸雄”性格的一个故事,"曹操献刀，董卓欺主弄权，曹操借王允七星宝刀进府行刺，见董卓躺下，急抽刀欲刺。董卓在穿衣镜内看见了曹操的动作，转身相问。曹操急中生智说：“我得一口宝刀，欲献恩相。”董卓接刀一看，果然是一口宝刀。董卓引曹操出阁看马， 曹操谢道：“愿借马一试。”然后快马加鞭逃之夭夭。
"
简述《三国演义》中能体现关羽 “忠义”性格的一个故事。,"关云长干里走单骑。关羽与刘备失散，暂居曹营。曹操一心想收服关羽，三日一小宴，五日一大宴，赐美女、金银、官职等物品，关羽独留下赤兔马，以便来日寻刘备方便。听到刘备下落后，关羽将官印吊于屋中，带上嫂嫂，奔向刘备。途中因没获曹操批准，在五个关口受到阻拦，关羽皆杀之闯关。
"
简述《三国演义》中能体现“骄兵必败”主题的一个故事,"关羽大意失荆州。关羽拒绝和孙权联姻，激怒了孙权。孙权令吕蒙夺回荆州。吕蒙把战士化装成商人的模样，骗过了关羽的江边守军，顺利渡江，趁关羽轻敌，毫无防备， 没伤一兵一卒就占领了荆州。同时关羽在前线被徐晃包围，败退到麦城。吕蒙又把麦城紧紧围住，关羽突围不成功，被俘不降，孙权杀之。
"
简要概括曹魏势力的兴亡过程。,"曹操挟天子以令诸侯，在官渡打败袁绍，统一北方。不久在赤壁大败，形成鼎立之势。曹丕在曹操死后逼汉献帝禅位，建立魏国。曹丕，曹睿继位，司马懿逐渐得势，并在高平陵政变中击杀大将军曹爽。司马懿之后，司马师、司马昭废曹芳，杀曹髦，后曹奂“禅位”于司马炎，曹魏亡国。
"
简要概括蜀汉势力的兴亡过程。,"皇叔刘备得到诸葛亮的帮助，在赤壁之战中打败曹操，夺取荆州和益州。不久关羽被孙仅杀死，刘备称帝伐吴，被陆逊击败。刘备在永安托孤给诸葛亮后死去。诸葛亮结好孙权，七擒孟获，六出祁山，为司马懿所困，在五丈原死去。姜维九伐中原，无功而返。不久，邓艾、钟会来攻，刘禅出降。
"
简要概括孙吴势力的兴亡过程。,"孙坚之子孙策在周瑜等人的帮助下平定江东后遇刺身亡。继位的孙权联合刘备，在赤壁打败曹操。后来因为荆州问题与曹魏联合，设计捕杀关羽，并派陆逊大败来犯的刘备。不久孙权称帝建立吴国。孙权死后，孙亮、、孙休、孙皓相继继位，朝政动荡。孙皓暴虐无道，于 280 年为西晋所灭。
"
简述《三国演义》中的一个精彩的计谋。答：王允连环计,"董卓为乱朝政。司徒王允先将美貌的义女貂蝉许给董卓的义子吕布，不久却把她送给董卓。吕布大怒，在凤仪亭与貂蝉相会，被董卓发现，貂蝉乘机离间董吕的关系。王允与吕布联合，诱使董卓离开长安，吕布杀死董卓。不久吕布被迫出走，而王允也被董卓部将杀死。
"
简述《三国演义》中的一个精彩的战斗场面。,"三英战吕布。吕布在虎牢关斩杀多名联军大将。张飞抖擞精神，来战吕布。连斗五十余合，不分胜负。云长见了，把马一拍，舞八十二斤青龙偃月刀，来夹攻吕布。战到三十合，战不倒吕布。刘备掣双股剑，骤黄鬃马，刺斜里也来助战。吕布力穷而退，诸侯大军一齐掩杀，吕布退还虎牢关。
"
《三国演义》中哪个场面最能让人发出“出师末捷身先死，长使英雄泪满天襟！”的感叹？请简要概括。,"秋风五丈原。诸葛六次出兵祁山，司马懿坚守不战。诸葛亮派人侮辱，司马懿不为所动。不久诸葛亮病危。穰星不成，遂将平生所学传授给姜维，并作好身后的军事安排。尚书李福赶到，诸葛亮推等蒋琬、费袆相继为丞相继承人后死去。时年五十四岁。是夜，天愁地惨，月色无光。
"
结合具体的情节思考赤壁之战中为什么孙刘联军能以弱胜强？,"天时胜：刘备汉室宗亲，操乃汉贼。曹军流行疾病。东南风起。地利胜：南方多江湖，北军不善水战。人和胜：曹操骄傲，心气浮躁。荆州新降，人心未附，士气低落。孙刘背水一战，决心很大。周瑜、诸葛亮等人计谋精妙，处处占先。
"
结合具体的情节思考刘备为什么会在夷陵之战中败结陆逊？,"天时：曹丕篡汉，刘备汉室宗亲，不讨贼而攻吴，政治不利。当时天气干燥。地利：刘备孤军深入，不谙地势。于森林茂盛处扎营，给陆逊可乘之机。人和：刘备不听诸葛亮赵云之计，内部不和；枉自托大，小看陆逊；不听黄权劝告，一意深入。而孙权结盟曹丕，上下精诚团结。陆逊一时人杰。
"
简述《三国演义》中一个与数字“三”有关的故事。,"刘玄德三顾茅庐。由于徐庶的推荐，刘备、关羽、张飞三次前往隆中拜访诸葛亮。第一次小僮说诸葛刚外出远游。第二次刘备只见到诸葛均，就留下一封信表达敬慕之情， 然后冒雪回去。第三次恰好诸葛亮在午睡，刘备一直等到他睡醒更衣后才得以相见。诸葛亮被刘备求贤若渴的诚心感动，最终答应出山共图大业。
"
简述《三国演义》中一个与数字“三”有关的故事。,"诸葛亮三气周瑜。孙刘联合破曹。周瑜气量狭小，多次设计害诸葛而不得。周瑜在孙刘破曹战中受伤，被孔明调赵子龙先夺城池，周瑜怒火攻心；周瑜孙权用美人计骗刘备至吴，企图谋害，被孔明识破，周瑜赔了夫人又折兵；周瑜欲突袭荆州，诸葛亮将计就计，打败周瑜。周瑜被气死前大呼：“既生瑜，何生亮!”
"
简述《三国演义》中一个与数字“三”有关的故事。,"刘、关、张桃园三结义；
"
简述《三国演义》中一个与数字“三”有关的故事。,"刘、关、张三英战吕布；
"
简述《三国演义》中一个与数字“三”有关的故事。,"陶谦三让徐州； 
"
简述《三国演义》中一个与数字“三”有关的故事。,"土屯山关公约三事；
"
简述《三国演义》中一个与数字“三”有关的故事。,"荆州城公子三求计；
"
简述《三国演义》中一个与数字“三”有关的故事。,"诸葛亮智取三城亦可。
"
简述诸葛亮尽忠的一个例子。,"刘备称帝后伐吴，在夷陵之战中被陆逊击败，退守到白帝城。从此刘备一病不起。临终将其儿子刘禅托孤于诸葛亮，诸葛亮哭着答应：“臣怎么敢不竭尽全力，辅助幼主，鞠躬尽瘁，死而后已呢？”后来，尽管刘禅很不成器， 但诸葛亮还是尽力辅佐，真正做到了“鞠躬尽瘁，死而后已”。
"
简述《三国演义》中“失街亭”这一情节中诸葛亮、马谡所表现出来的性格缺陷。,"诸葛亮足智多谋，对街亭布防十分细致周密，但世人不深、用人不当，不听刘备生前劝告，致使街亭失陷全局被动。马谡虽能自动请缨，挺身而出，但只会纸上谈兵，而且麻痹大意，刚愎自用，目中无人，公然违令，不听王平之劝，草率从事，致使蜀军咽喉之地迅速丢失，造成全局被动。
"
马谡拒谏失街亭后，诸葛亮作了那几件事情表明了他能够明证军法， 奖罚分明？,"一、欲赠金五十斤给赵云，赏绢一万匹给赵云的部卒，来表彰赵云在街亭之战中不折一人一骑，不丢辎重的功劳。二、虽有蒋琬等人的劝阻，仍将自己平日一贯倚重且关系甚好的马谡斩首，以明军令。三、上表刘禅，承认用人之失，要求自贬三等。
"
简述一下王允连环计。,"董卓为乱朝政。司徒王允先将美貌的义女貂蝉许给董卓的义子吕布，不久却把她送给董卓。吕布大怒，在凤仪亭与貂蝉相会，被董卓发现，貂蝉乘机离间董吕的关系。王允与吕布联合，诱使董卓离开长安，吕布杀死董卓。不久吕布被迫出走，而王允也被董卓部将杀死。
"
简述一下曹操抹书间韩遂,"曹操想要除掉武艺超群的马超，于是就给韩遂写了封信，将信中的一些“紧要处” 用笔涂掉。信中的那些涂抹引起了马超的怀疑，他认为韩遂与曹操之间有秘密交易。后来曹操又使用其他小手段加深了马超的疑心，终于马韩反目成仇，并大打出手，曹操坐收渔利。
"
简述一下锦囊妙计：,"孙权用公瑾之计，引刘备入东吴招亲，要挟刘备交还荆州。诸葛亮在他临行前交给赵云三个用锦做成的袋子，吩咐说：“内封三条神妙计策，到时依次打开行事。”赵云和刘备、孙乾率五百军士到南许，依锦囊妙计破了公瑾计策， 娶了孙权之妹孙尚香逃回荆州。让东吴“赔了夫人又折兵”。
"
简述一下巧献连环,"赤壁之战前，蒋干极力推荐庞统去见曹操。曹操正为不习水性的北方士兵晕船生病发愁，向庞统求教。庞统有心让东吴与刘备取胜，于是建议把船只大小搭配，用铁链锁住连环，上铺宽木板，这样能让船上的兵马如履平地。曹操立即传令铁匠连夜打造连环大钉，锁住船只。
"
简述一下郭嘉遗计定辽东,"众将请令攻辽东，曹操依计按兵不动。数日之后，公孙康带着袁熙、袁尚的首级前来投降，辽东归操所有。原来郭嘉遗书上写：二袁投辽东，不可出兵； 公孙康一直害怕会被二袁吞并，二袁前去投靠，他必有疑心。若出兵，必联合抗击；若不出兵，必自相残杀。
"
简述一下木牛流马,"诸葛亮六出祁山，司马懿兵屯渭水，两军相拒，蜀军粮草接济不便，诸葛亮在上方谷造木牛流马运送粮草。司马懿派兵夺得木牛流马，命营中工匠依样仿造，也用于搬运粮草，不料中计，被蜀军劫去，司马懿大怒，率兵追杀，却遭蜀军埋伏，险些丧命。
"
简述一下诈病夺权,"曹爽派人到政敌司马懿家拜访，探听虚实。司马懿装得老态龙钟，耳聋眼花，喝汤洒满衣襟，讲话口齿不清。曹爽以为他危在旦夕，对他丧失了警惕。当曹爽跟随小皇帝曹芳出洛阳城，祭扫曹叡陵墓。司马懿趁机发动政变，逼迫曹爽交出权力，随即将其杀死。
"
阅读《三国演义》四十五回《群英会蒋干中计》的片断，回答问题。“周瑜正在帐中议事，闻干至，笑谓诸将曰：“说客至矣。”遂与众将附耳低言，如此如此。众将应命而去。”周瑜的 “如此如此”就是对“反间计” 的部署，请简述一下“如此如此”的主要内容和结果。,"答：周瑜先点破蒋干“说客”身份，让蒋干无法“劝降”，而后大摆酒席，佯狂大醉（2 分）；醉后邀蒋干同榻而眠，以让蒋干有机会偷听机密，并偷走所谓曹军将领蔡瑁、张允的“降书”，逃回曹营（2 分）。最后，生性多疑的曹操果然中计，杀了蔡瑁、张允。（1 分）
"
下列文字选自《三国演义》第五十回：周瑜急急下得船时，岸上军士齐声大叫曰：“周郎妙计安天下，赔了夫人又折兵！”周郎的“妙计”是什么？又为何“赔了夫人又折兵”？请简要叙述。,"答：“妙计”是指：东吴孙权要向蜀索回荆州，都督周瑜定计，谎称欲将孙权妹妹嫁给刘备，借以把刘备骗到东吴作人质，以便索回荆州。（3 分）“赔了夫人又折兵”即刘备按诸葛亮的对策行事，到东吴成婚后偕同夫人逃出东吴。周瑜带兵追赶，被诸葛亮的伏兵打败。（2 分）
"
曹操误杀其父结义兄弟吕伯奢家人后，又故杀吕伯奢。其原因是担心吕伯奢一家出卖他，从而难逃董卓的追杀。而董卓追杀他的原因则是他行刺董卓未成。请简述曹操行刺董卓的过程。,"答：曹操借得王允七宝刀后就到相府找董卓，以“马羸行迟”为由调开侍立其侧的吕布（2 分）。在董卓不耐久坐倒身而卧时，拔刀行刺，不料被董卓从衣镜中看到，且此时吕布也已牵马回来（2 分）。曹操慌忙诡称欲献七宝刀，趁董卓一时未疑之机，骑上西凉马逃之夭夭（1 分）。
"
简述《三国演义》中关羽“刮骨疗毒”的故事。,"答：水淹七军之后，关羽攻打樊城，在樊城下骂阵。曹仁命令弓箭手射箭，关羽右臂中箭，回兵。（1 分）箭头有毒，毒已入骨，于是请来了曾经为周泰疗伤的名医华佗。（1 分）华佗说要割开皮肉，把骨头上的毒刮去，这会极其疼痛，请关羽把手臂套住绑紧，把头蒙住。（1 分）关羽却说不用，一边和马良下棋，一边伸手刮骨，谈笑中没有丝毫痛苦的神色。（1 分）事毕，两人互相惊叹，关羽称赞华佗的医术高明，华佗赞叹关羽的勇气毅力。（1 分）（即：中箭、请医、华佗疗法、关羽表现、互赞五部分各一分）
"
“匹马斩颜良，河北英雄齐丧胆；单刀会鲁肃，江南子弟尽低头。”这副对联道出关羽一生中最得意的两件事。请简述“单刀会鲁肃”的情节。,"答：鲁肃邀关羽赴宴，企图讨还荆州。关羽明知是计．单刀从容赴会。鲁肃提起归还荆州事，关羽假醉推托，借故离席，右手提刀，左手挽住鲁肃，向江边走去。东吴众将迫于鲁肃受制，不敢出击。关羽登上自己的船，才放鲁肃，鲁肃吓得魂不附体。
"
简述死诸葛吓走活仲达,"孔明积劳成疾，六出祈山时在五丈原病逝，姜维遵其遗命，不敢举丧，而是率部缓缓撤退。当司马懿引兵追到时，蜀军推出端坐车上的孔明木偶像，司马懿看了，以为孔明还活着，大惊失色，急忙退兵，过了两天才知道真情的真相。
"
简述三国归晋,"魏军到达蜀都城下，刘禅向邓艾开门归降，蜀国灭亡。司马昭中风死后，儿子司马炎逼迫曹真禅位，当了皇帝，国号为晋，魏国宣告灭亡。吴国孙皓即位后，凶暴昏庸。司马炎起兵伐吴，吴军全面溃败，孙皓效法刘禅，开门归降。至此，三国归晋，天下统一。
"
《三国演义》中刘备为报兄弟之仇，领兵伐吴，挥师东进，连连告捷，危急之中，东吴将领阚泽以全家性命担保力荐一人，这人是谁？他在接下来战役中有何出色表现？,"答：这人是陆逊。阚泽向孙权推荐陆逊，陆逊总督东吴兵马，以静制动，等待破蜀良机。由于天热难耐，刘备让蜀兵避暑林中，犯了兵家大忌。陆逊见时机已到， 调动各路兵马一起行动，火烧蜀军边营，刘备损兵折将，全面溃败，幸亏赵云救驾，才逃到白帝城。
"
《三国演义》中有不少广为流传的成语典故，“望梅止渴”就是其中一例。请简述“望梅止渴”的情。,"答：曹操带兵攻打张绣，行军路过一片荒凉的干旱地区，将士们又累又渴。此时， 曹操灵机一动，告诉将士说：“前面有一片梅林，梅树结满了梅子。”一想到梅子，将土们嘴里就流出了口水，都加快了步伐。走出了干旱之地，将士们虽没见到梅林，但已经不渴了。
"
(关公)书略曰：“羽少事皇叔，誓同生死；皇天后土，实闻斯言。前者下邳失守，所请三事，已蒙恩诺。今探知故主现在袁绍军中，回思昔日之盟，岂容违背?新恩虽厚，旧义难忘。兹特奉书告辞，伏惟照察。其有余恩未报，愿以俟之异日。”关羽“异日”如何报答曹操的“余恩”，请简述其经过。,"答：赤壁之战时，关羽在诸葛亮面前立下军令状，带兵守华容道（1 分）。后来， 曹操果然败走华容道，并亲自上前向关羽求情，面对狼狈不堪的旧日恩人，关羽陷于理智与情感的巨大冲突之中（2 分）。几番犹豫之后，关羽还是体现出自己“重义”的一面，把马头勒回，让众军“四散摆开”，不顾军令放走曹操，报答了余恩（2 分）。
"
请简要叙述刘备白帝城托孤的情节。,"答：刘备称帝后伐吴，在夷陵之战中被陆逊击败，退守到白帝城。从此刘备一病不起。临终将其儿子刘禅托孤于诸葛亮，诸葛亮哭着答应：“臣怎么敢不竭尽全力，辅助幼主，鞠躬尽瘁，死而后已呢？”后来，尽管刘禅很不成器，但诸葛亮还是尽力辅佐，真正做到了“鞠躬尽瘁，死而后已”。
"
曾经在十八路诸侯伐董卓做过总盟主的是?,"袁绍,字本初"
"曹操曾把他手下一大将比作“吾之樊哙”,这位大将军是谁?",许禇
"曾经镇守在长沙,日后成为西蜀五虎上将中的一员,他是谁?",黄忠
"许诺刘备,虽身在曹营,但“终身不设一谋”的谋士是谁?",徐庶
"曾对诸葛亮用计“上楼抽梯”,而求活命之术的是谁?",刘琦
"吕布曾被张飞大骂“三姓家奴”,原因是他拜了哪两位做义父?","丁原,董卓"
除了孔明外还使用过“空城计”的蜀将是谁?,赵云
诸葛亮一生善于使用火攻，他初出茅庐的第一把大火火烧了哪里?,新野博望坡
"官渡之战,袁绍的一位谋士因不满袁绍而投降了曹操,他献计偷袭乌巢导致了袁军大败.他是谁?",许攸
抬榇战关羽的魏大将是谁?,庞德
在两军阵前被诸葛亮骂死的北魏司徒是谁?,王朗
"被主公称呼为:""古之恶来""是谁?",典韦
"""闻曹丞相文不明孔孟之道，武不达孙吴之机，专务强霸而居大位，安能有所教诲，以开发明公耶?""这句话是谁说的?",张松
"三国中号称""白马将军""的是谁?",公孙瓒
"孔明入川时,设计擒张任,这个计策是?",十面埋伏
"""不得慕虚名而处实祸""出自谁言?",曹操
"""文若才华天下闻,可怜失足在权门.后人休把留侯比,临没无颜见汉君""描述的是谁?",荀彧
曹操欲杀荀彧，便派人送其一物，彧会其意，遂服毒自尽.此为何物?,空食盒
三国时期的江东属于哪个州?,扬州
三国时期的台湾称作?,夷州
群英会里面谁被周瑜用来吓唬蒋干的?,太史慈
"战长沙,黄忠之前出马战关羽的是谁?",杨龄
"刘表死时,次子刘琮几岁?",14岁
"刘备携民渡江时,依次经过哪几个城市?",新野-樊城-襄阳-江陵
“白发居西蜀，清名震大邦。忠心如皎月，浩气卷长江。宁可断头死，安能屈膝降。巴州年老将，天下更无双。”这是指谁?,严颜
带领藤甲兵帮助孟获的南蛮将领是谁?,兀突骨
"八门金锁阵的八个门当中,除死门外,还有哪个门入则亡?",杜门
黄巾军起义首领天公将军、地公将军、人公将军分别对应指谁?,"张角,张宝,张梁"
黄巾军起义首领天公将军、地公将军、人公将军分别对应指谁?,"张角,张宝,张梁"
张飞被那两贼刺杀?,"范疆,张达"
曹操戎马一生，有一回两军对峙中忽大笑“事成矣”，属下问其故，曰：“胜一人难，胜二人易”。问：曹操话中所指为哪二人?,"韩遂,马超"
曹操拥戴汉献帝是根据其属下“逢天子以令不臣”的政策;而哪位君主的属下才真正提出过“挟天子以令诸侯”的政策?,袁绍
三国志作者陈寿对于诸葛亮的一句总评是什么?,治世之才胜于韬略
"人皆知诸葛亮的三分天下论;可东吴当时也有一人提出过三分天下论,此人是谁?",鲁肃
赵云从谁的手中夺走了青虹剑?,夏侯恩
张飞在当阳桥的一声大吼镇死了谁?,夏侯杰
曹操手下猛将夏侯渊死在哪个地方?,定军山
"诸葛亮的儿子诸葛瞻和刘禅的关系除了君臣之外,还有什么关系?",翁婿
曹操在三国演义中初次出现的时候，是何官职?,骑校尉
吴国的末代君主是谁?,孙皓
"袁术称帝时,立谁为皇后?",冯方女
三国建立的顺序,称帝是?
南华老仙给张角的书是?,太平要术
诸葛亮火烧博望坡时，谁和谁诈败诱敌?,赵云刘备
"袁绍派人杀田丰,是听了谁的话?",逢纪
"谁杀了高览,又与张郃大战三十回合,打败张郃?",赵云
"曹操与袁绍军战于白马,颜良连斩曹军二将,这二将是谁?","宋宪,魏续"
赤壁之战中，黄盖冲过来杀曹操，是谁一箭射黄盖落水救了曹操?,张辽
"吕布有二妻一妾,妻为严氏、曹氏、妾据说为貂蝉,哪位夫人为吕布生了一个女儿?",严氏
"有一位谋士,分别辅佐过董卓、李傕、张绣、曹操，智谋过人,这位谋士是谁?",贾诩
夏侯惇被吕布手下的哪位将领射瞎了左眼?,曹性
凌统的父亲是被谁杀死的?,甘宁
"为平黄巾起义,关羽于大兴山下力斩何人?",陈远志
三国魏军八虎骑,又称曹八将是哪些人?
吴国名将甘宁死于何人之手?,沙摩柯
藩王沙摩柯所用兵刃为何物?,铁蒺藜骨朵
孙坚手下四将中.哪位是辽西令支人?,韩当
普净在哪个寺给关羽暗示秦琪埋伏?,镇国寺
"荀彧与荀攸是曹操的两位重要谋士,请问他们是什么关系?",叔侄
"官渡之战中,是谁敬献了""发石车""图纸.使袁绍军不敢""登高射箭""?",刘晔
"""青梅煮酒论英雄""一段中,刘备曾向曹操试言一英雄曰:""此人名称八俊,威镇九州"".请问曹操是如何评价这个人的?",操曰：“刘表虚名无实，非英雄也。”）
"曹操破宛城时,大醉后曾问""此城中有妓女否?""曹安民将邹氏推荐给曹操.请问邹氏是谁的老婆?",张济
"古者至受聘成婚之期,各有定例:,诸侯半年,大夫一季,庶民一月.请问天子是多久?",一年
"曹性射瞎了夏侯敦的左眼,曹性却反被夏侯敦一枪刺死,请问这一枪刺在了什么位置?",面门
"""汉朝无起色,医国有称平,立誓除奸党,捐驱报圣明,极刑词愈烈,惨死气如生,十指林淋漓处,千秋仰异名""描述的是哪位人物?",吉平
连环计中，假传圣旨，把董卓从鹛邬传至京城的人是谁?,李肃
诸葛亮的叔父的名字是?,诸葛玄）
陶谦死前让谁去小沛请刘备?,陈登
陶谦死前向刘备推荐了谁?,孙乾
陶谦死前向刘备推荐了谁?,孙乾
三国时，书法家中的泰斗是谁?,钟繇
姜维在归降诸葛亮之前，是哪位太守的部下?,天水马遵
"渭水之战,与曹操的“分兵击之”的意见不谋而合的是谁?",徐晃
寿春三路诸侯进攻袁术，当时因下雨，曹操营中粮草运输遇到困难，士兵士气涣散，后来曹操杀了一名粮官，说是粮官私吞官粮，以此来提高士气，请问这位蒙冤的粮官是谁?,
寿春三路诸侯进攻袁术，当时因下雨，曹操营中粮草运输遇到困难，士兵士气涣散，后来曹操杀了一名粮官，说是粮官私吞官粮，以此来提高士气，请问这位蒙冤的粮官是谁?,
魏延是被谁杀死的?,马岱
蜀国发兵南蛮时，蜀军误喝了毒泉水，最后是诸葛亮求到了谁才帮蜀军解困?,孟节
诸葛亮死后是谁接替了丞相之职?,蒋琬
司马懿死后，蜀国后期魏国和蜀国对战主要是谁于谁的比拼?,邓艾和姜维
刘备收马超的时候，是谁当的说客?,李恢
“葬于汉中定军山，就在山坡中挖一个坟，坟坑可装下棺材便行了。穿平常的衣服，不随葬器物”是谁生前留下的遗嘱?,诸葛亮
三国里被称为“火神夫人”的是哪位?,孟获老婆
"吴国孙权登基以后,谁担任了丞相的职位?",诸葛恪
“吾有上将潘凤，可斩华雄!”是十八路诸侯中的哪位说的?,冀州太守韩馥
"大丈夫当学卫青、霍去病,立功沙漠,长驱数十万众,纵横天下;何能作博士也.是曹操哪个儿子说的?",曹彰
司马懿之子司马师，字什么?,子元
是谁向刘备推荐了深居隆中的诸葛亮?,司马徽、徐庶
刘备“马跳檀溪”的那匹马是什么马?,的卢马
“身在曹营心在汉”这句古话中说得是谁?,关羽
"曾为“孙刘联合”付出巨大努力,并三次讨要荆州的东吴谋士是?",鲁肃
"周瑜为了向刘备讨还荆州,使用过三十六计中的哪一计呢?",假途灭国之计
关羽最喜爱夜读哪本书?,春秋
关羽“水淹七军”中七军的统帅大将是谁?,于禁
诸葛亮挥泪斩马谡的原因是?,失街亭
“威震逍遥津”的张辽是曹操手下的一员大将，但他在曹操之前是谁手下的大将?,吕布
"“卧龙、凤雏得一人可安天下”,其中“凤雏”指的是?",庞统
诸葛亮病死在哪里?,五丈原
"哪位大将陪同刘备江东相亲,娶了郡主孙尚香?",赵云
"“白衣渡江”,致使关羽大意失荆州，是谁策划的?",陆逊
"“勉从虎穴暂栖身,说破英雄惊煞人.巧将闻雷来掩饰，随机应变信如神。”这首诗说的是《三国演义》中刘备和曹操的一段故事。这个故事是?",青梅煮酒论英雄
在长坂坡一战中，刘备的哪位夫人跳井自杀?,糜夫人
"东风不与周郎便,铜雀春深锁二乔中二乔各嫁给了哪位将领?",大乔-孙策，小乔-周瑜
"曹操的儿子中,哪个不是卞夫人所生?",曹昂
"江贼出生,有东吴第一武将之称的吴国将军是?",甘宁
孔明的发明”木牛流马”是用来干嘛的?,"搬运机器,运粮用"
三国时期的蜀汉属于哪个州?,江州
陪马腾一起挂掉的是?,马休、马铁
关羽原字什么?,长生
关羽过五关斩六将，斩的最后一将是谁?,秦琪
小说中描述刘备的身高是?,七尺五寸
"孙权守宣城时,曾被山贼攻破城池,谁当时勇猛的救了孙权?",周泰
"吕布辕门射戟,戟距离中军多远?",一百五十步
何人于濮阳大破曹,操军?
关羽所使”青龙偃月刀“又名什么?,冷艳锯
司马懿祖籍哪里?,温县
魏延生命中的最后一句话?,谁敢杀我
谁是杀曹髦的直接凶手?,成济
袁术手下大将纪灵惯用的兵器?,三尖两刃刀
"司马懿和曹爽夺权时,他的官职是什么?",太尉
"马超杀王方,生擒李蒙时多大?",十七岁
"""为将而不通天文,不识地利,不知奇门,不晓阴阳,不看阵图,不明兵势,是庸才也.""是诸葛亮和谁言论时提出的为将标准?",鲁肃
许褚投降曹时与谁交过手?,典韦
刘备进位汉中王时关羽被封为什么?,前将军
"在曹魏与东吴征战时,曾有一位将军令东吴将士闻名丧胆,就连小孩子夜里听说这位将军都不敢啼哭了,请问是哪一位将军?",张辽
刘备死时几岁?,63岁
"""龙岂池中物,乘雷欲上天.""出自谁之手?",蔡瑁
"曹操煮酒论英雄时,讥讽谁为""守戶之犬""?",刘璋
"孙策上神亭岭,一共带了多少人?",12骑
"周瑜攻打南郡时,孙权在何处与曹军作战?",合肥
孔明第一气周瑜在哪里?,南郡
刘胜是孝景皇帝第几个儿子?,第七子
官渡之战中，谁与张辽战得不分上下，使曹操暗暗称奇?,张邰
煮酒论英雄中曹操对谁的评价是冢中枯骨?,袁术
正史中，蜀国与魏延最为不和睦的人是谁?,杨仪
三国中寿命最长的武将,文官是哪一位?
关彝是谁的儿子?,关兴
谁向刘备献图帮助其入川?,张松
"""滚滚长江东逝水，浪花淘尽英雄……""的词牌名是?","临江仙,作者杨慎"
隆中对时诸葛亮曾给刘备看过一张地图，这张图是什么?,西川五十四州之图
"请问""孙坚孙策起江左""的后一句是什么?",袁绍袁术兴河梁
"孙权与周泰守宣城,周泰那仗身受重伤,虽然被华佗治好,大家知道他身中几枪吗?",12枪
"赵云在曹营杀死了一对兄弟,叫钟缙和钟绅,他们谁先死的?",钟缙
太史慈大战小霸王孙策，是在什么地方?,神亭岭
"蜀国南中叛乱,未参与叛乱的是谁?",永昌太守王伉
"被称为""河北四庭柱""的是谁?","颜良,文丑,张邰,高览"
"""周瑜，鲁肃，吕蒙，陆逊""被称为什么?",东吴四英将
三国演义的毛本是指的谁?,毛宗岗
"""运谋如范蠡，决策似陈平""说的是曹军哪位谋士?",郭嘉
"""不从金石论，空负栋梁材""叹的是哪位谋士?",陈宫
"""后人休把留侯比,临没无颜见汉君。""说的是哪位谋士?",荀彧
"""霸业成时为帝王,不成且作富家郎.谁知天意无私曲，郿坞方成已灭亡。""说的是哪位诸侯?",董卓
"""座上客常满，樽中酒不空""说的是哪位?",孔融
"""羊质虎皮功不就，鸡毛凤胆事难成""叹的是哪位诸侯?",袁绍
"演义中""一夜北风寒，万里彤云厚，长空雪乱飘，改尽江山旧""是谁的诗句?",黄承彦
"""丈夫处世兮立功名;立功名兮慰平生。慰平生兮吾将醉;吾将醉兮发狂吟!""是谁所做之歌?",周瑜
"""大丈夫生于乱世，当带三尺剑立不世之功;今所志未遂，奈何死乎!""是哪位武将临终遗言?",太史慈
"""天水夸英俊，凉州产异才""说的是哪位武将?",姜维
"被曹操称赞""将军真有周亚夫之风矣!""、""虽古之名将，何以加兹""、""吾之樊哙""、""古之恶来""的分别是哪几位武将?","徐晃,于禁,许禇,典韦"
谁建议钟会先攻涪城再下剑阁，决定了蜀国灭亡的一役?,邓艾
姜维怎么死的?,自杀
许攸是被谁杀死的?,许禇
"三国演义中实际带有""三""的回目一共有多少回?",15回
据三国演义原文所述赵云安葬在哪里?,成都锦屏山
三国演义中袁绍之妻姓什么?,刘氏
"""有云气一片，其色青紫，圆如车盖，覆于其室，终日不散。""是描述三国中哪个人物出生时的情景?",曹丕
传说中谁赐予张角《太平要术》?,南华老仙
首领自称阳明皇帝，请问他的真名叫什么?是被谁镇压的?,"许昌和其子许韶,孙坚"
荆州牧刘表是今天什么地方的人?,"山阳高平人,今山东微山人"
三国中还有一个同关羽一样千里走单骑的精彩故事，知道故事的主人公是谁吗?,廖化
夏侯霸的字是什么?,仲权
赵云病逝后追谥为什么侯?,顺平侯
刘禅的长子叫什么?,睿
张飞鞭打督邮之后，刘关张兄弟三人投奔于何处?,代州刘恢
在历史上，貂蝉可能姓什么?,任红昌
蒋干是在什么地方遇到了庞统?,古庙里
